{
  "covariance_manual": [
    [
      0.6032275015985299,
      0.0718894175683913,
      -0.005465372388465857
    ],
    [
      0.0718894175683913,
      0.9594470259353922,
      0.01288358684439231
    ],
    [
      -0.005465372388465857,
      0.01288358684439231,
      1.0495475028589878
    ]
  ],
  "covariance_numpy": [
    [
      0.6032275015985299,
      0.07188941756839132,
      -0.005465372388465858
    ],
    [
      0.07188941756839132,
      0.9594470259353923,
      0.012883586844392312
    ],
    [
      -0.005465372388465858,
      0.012883586844392312,
      1.0495475028589878
    ]
  ],
  "correlation": [
    [
      1.0,
      0.09449610285965615,
      -0.006868756835688572
    ],
    [
      0.09449610285965615,
      1.0,
      0.012838823808511578
    ],
    [
      -0.0068687568356885715,
      0.012838823808511578,
      0.9999999999999998
    ]
  ],
  "markov_states": [
    0,
    0,
    0,
    0,
    0,
    0,
    0,
    0,
    2,
    2,
    1,
    1,
    1,
    2,
    2,
    2,
    2,
    2,
    1,
    2,
    1,
    1,
    2,
    0,
    0,
    0,
    1,
    0,
    2,
    0,
    2,
    2,
    2,
    2,
    2,
    2,
    1,
    1,
    0,
    0,
    0,
    0,
    0,
    0,
    0,
    1,
    2,
    1,
    1,
    2
  ],
  "steady_state": [
    0.4565217391304348,
    0.28260869565217384,
    0.26086956521739124
  ],
  "statistics": {
    "mean": 49.44664469803921,
    "std": 10.10720002392068,
    "outliers": 18
  }
}